"NET Software Developer with https://t.co/gWrcBCKpcA, MVC, C# and SQL Server Crawley https://t.co/ZM00VWUO4y #Javascript #jobs",823591493562728452,0,,,,0,"<a href=""http://programming.jobfeeds.info"" rel=""nofollow"">twitter feeds for p.jf</a>",coding_jobfeeds,programming.jobfeeds
nFUZION is hiring!  Apply now for the position of SQL DBA https://t.co/PnVbRsDkx8 #job #itjob #SQL #DBA #Louisville #FTE,823591475447525380,0,,,,0,"<a href=""http://web.mycompas.com"" rel=""nofollow"">MyCompas</a>",nFuzionIT,nFUZIONIT
"RT @N1QL: Learn &amp; start using @N1QL quickly. 
Over 25 articles, each with usable examples.
https://t.co/IDsZoDWGCF

#NoSQL #JSON #SQL #Couc‚Ä¶",823591464663973890,0,"Learn &amp; start using @N1QL quickly. 
Over 25 articles, each with usable examples.
https://t.co/IDsZoDWGCF

#NoSQL #JSON #SQL #Couchbase",N1QL,N1QL,36,"<a href=""http://gaggleamp.com/twit/"" rel=""nofollow"">GaggleAMP</a>",1tylermitchell,Tyler Mitchell
ŸÅŸäŸÑŸÖ ÿ≥ŸÉÿ≥  ÿ®ŸÜÿ™ŸäŸÜ ŸÑŸäÿ≤ÿ®ŸäÿßŸÜ ÿ®ŸäŸÖÿßÿ±ÿ≥Ÿà ÿßŸÑÿ¨ŸÜÿ≥ ÿ®ÿßŸàÿ∂ÿßÿπ ŸÖÿ´Ÿäÿ±ÿ© ÿ¨ÿØÿß   ŸÑŸÖÿ¥ÿßŸáÿØ ÿßŸÑŸÅŸäŸÑŸÖ Ÿàÿ™ÿ≠ŸÖŸäŸÑ ÿßÿ∑ÿ∫ÿ∑ ŸáŸÜÿß  https://t.co/nrmzM5fHn0  https://t.co/KT6VjdgpQi sql,823591295381893120,0,,,,0,"<a href=""https://khamsat.com/user/youssef1313"" rel=""nofollow"">TweetyAutoTweet New App 2</a>",5yhsdfswrk73,ŸáÿßŸÑŸá ŸÉÿ≥Ÿä +18
"SQLÏùò Í∏∞Î≥∏
https://t.co/w86unncvnJ
‚òÖ593518760‚òÖ",823591186774396929,0,,,,0,"<a href=""http://blog.naver.com/gkenq"" rel=""nofollow"">Jeonga.Sin</a>",3rmarkettn,Ïã†Ï†ïÏïÑ
Challenges Facing the #DBA in Choosing the Right #Database Development Solutions https://t.co/rENfzgTOWu by‚Ä¶ https://t.co/RzmYpNBBFC,823591159012487170,0,,,,0,"<a href=""http://www.hubspot.com/"" rel=""nofollow"">HubSpot</a>",ilan_mintz,Ilan Mintz
"CVE-2017-5574 (genixcms)
https://t.co/lT5Bh1jaWx
SQL injection vulnerability in register.php in GeniXCMS before 1.0.0 allows unauthenticated",823591158420938756,0,,,,0,"<a href=""https://github.com/M157q/py-feedr"" rel=""nofollow"">py-feedr-M157q</a>",M157q_News_RSS,M157q News RSS
"CVE-2017-5575 (genixcms)
https://t.co/g2zaZlWUpD
SQL injection vulnerability in inc/lib/Options.class.php in GeniXCMS before 1.0.0 allows re",823591156386656260,0,,,,0,"<a href=""https://github.com/M157q/py-feedr"" rel=""nofollow"">py-feedr-M157q</a>",M157q_News_RSS,M157q News RSS
Don't miss out on the opportunity to ask questions to the team &amp; learn about the power of #SQLServer 2016. Register‚Ä¶ https://t.co/caQgSJlR95,823591134517727234,0,,,,0,"<a href=""https://prod2.sprinklr.com"" rel=""nofollow"">Sprinklr Prod2</a>",SQLServer,Microsoft SQL Server
sql case statements https://t.co/KJsfB6wi86 #SQLServer #analytics https://t.co/fha7sfUZyi,823591119644753920,0,,,,0,"<a href=""https://www.globcontech.com"" rel=""nofollow"">Globcon technology</a>",GlobconTech,GlobCon Technologies
"Oracle Developer - PL/SQL, HTML, JavaScript, JQuery ¬£375 #javascript https://t.co/NRq3G6sUTV",823591058948833280,0,,,,0,"<a href=""http://weworkcontract.com"" rel=""nofollow"">weworkcontract.com</a>",weworkcontract,We Work Contract
sql case statements https://t.co/AIO1rx5dtT #SQLServer #analytics https://t.co/oKqaEJ9JPm,823590982184747014,0,,,,0,"<a href=""http://www.globcontech.com/"" rel=""nofollow"">Tanmay_Auto Tweet</a>",bhandari_tanmay,Tanmay Bhandari
"RT @VisualStudio: SQL Server, now on Linux. Check the get started guide for developers.  https://t.co/1Noq2RHJud",823590970663075844,0,"SQL Server, now on Linux. Check the get started guide for developers.  https://t.co/1Noq2RHJud",VisualStudio,Visual Studio,841,"<a href=""http://twitter.com/download/android"" rel=""nofollow"">Twitter for Android</a>",neor007idev,Rahul Gupta
#San #Diego #CA USA - MS SQL Database Administrator - MS SQL Database Administrator Position Description Po... https://t.co/cmNbdCNLoT #JOB,823590790110859264,0,,,,0,"<a href=""http://twibble.io"" rel=""nofollow"">Twibble.io</a>",san_diego__jobs,Jobs in San Diego
"#creating new columns with frequency of the category in sas sql or r
#Tech #Internet #Question #HowTO
https://t.co/tgHiS21ZYR",823590699778146308,0,,,,0,"<a href=""http://ifttt.com"" rel=""nofollow"">IFTTT</a>",UriSamuels,Marlon Samuels
New Session Submission: SPDockit - SQL inventory and best practices on steroids https://t.co/TLxu1c66kI by Frane Bo‚Ä¶ https://t.co/meQEGGHJMd,823590695160213505,0,,,,0,"<a href=""http://bufferapp.com"" rel=""nofollow"">Buffer</a>",GroupByConf,Group By Conference
Do you use my SQLite / SQL CE Toolbox extension? What feature is MUST HAVE in vNext? https://t.co/kh3hYOFH1m  https://t.co/IJpI7xAmYA,823590685794308097,0,,,,0,"<a href=""https://about.twitter.com/products/tweetdeck"" rel=""nofollow"">TweetDeck</a>",ErikEJ,ErikEJ
"@AdamMachanic Well, that's the level of SQL skills I work with.",823590654152507393,0,,,,0,"<a href=""https://about.twitter.com/products/tweetdeck"" rel=""nofollow"">TweetDeck</a>",SQLSoldier,Robert L Davis
"A Plethora of Microsoft Training Options on AI, Machine Learning &amp; Data Science, including MOOCs‚Ä¶ https://t.co/orCY6gQjhO",823590458584535041,0,,,,1,"<a href=""https://dlvrit.com/"" rel=""nofollow"">dlvr.it</a>",vinodk_sql,Vinod Kumar M (SQL)
"ÿßŸÑÿØÿßÿ™ÿßÿ®Ÿäÿ≤ ÿØŸä ÿπŸÑŸäŸäŸäŸÉŸÖ ÿßŸÑŸÑŸá ÿßŸáÿ™ŸÖŸàÿß ÿ®ŸäŸáÿß ŸÖÿß ÿ™ÿ∑ŸÑÿπŸàÿß ŸÖŸÜŸáÿß ÿ≥ÿßŸäÿå
ÿ≠ÿßŸàŸÑŸà ÿ∏ÿ®ÿ∑Ÿà
Database concepts
Database design
Sql",823590421171273728,0,,,,0,"<a href=""http://twitter.com/download/android"" rel=""nofollow"">Twitter for Android</a>",MuhannadTofeg,INVICTUS | Muhanned
"RT @townsendsecure: . @PatrickSecurity is presenting ""Azure, SQL Server, and Encrypting Private Data"" to Portland Azure UG - Join us - http‚Ä¶",823590324656283648,0,". @PatrickSecurity is presenting ""Azure, SQL Server, and Encrypting Private Data"" to Portland Azure UG - Join us -‚Ä¶ https://t.co/zOmFfFBy9C",townsendsecure,Townsend Security,1,"<a href=""http://twitter.com"" rel=""nofollow"">Twitter Web Client</a>",EncryptKen,Ken Mafli
Encrypting SQL Server: Transparent Data Encryption (TDE) https://t.co/2DkWtqRGmV,823590133349781505,0,,,,0,"<a href=""http://bufferapp.com"" rel=""nofollow"">Buffer</a>",matthewmacari,Matthew Leick-Macari
SQL load screens https://t.co/cItwZQZFe7,823590133089837056,0,,,,0,"<a href=""http://twitter.com/download/iphone"" rel=""nofollow"">Twitter for iPhone</a>",_KenChapman,Ken Chapman
SQL Azure Infrastructure Consultant - do you have a passion for SQL and the Cloud - opportunity to work on large sca‚Ä¶https://t.co/Uc2EwfBCJR,823590124378324992,0,,,,0,"<a href=""http://www.linkedin.com/"" rel=""nofollow"">LinkedIn</a>",timxd22,Tim Davey
RT @Rbloggers: Run SQL Straight On S3 via Athena in R https://t.co/4C3sypcIeG #rstats #DataScience,823590058003431424,0,Run SQL Straight On S3 via Athena in R https://t.co/4C3sypcIeG #rstats #DataScience,Rbloggers,R-bloggers,8,"<a href=""http://twitter.com"" rel=""nofollow"">Twitter Web Client</a>",idigdata,Jen Underwood
Graduate IT Support Analyst - Software Support / SQL - Woking - Informatiq Consulting Limited https://t.co/CN2amN8A47,823589978139664384,0,,,,0,"<a href=""http://www.madgex.com"" rel=""nofollow"">Madgex Twitter Tweeter</a>",SMirrorJobs,Jobs In Surrey
@SQLSoldier I was curious about whether or not it's difficult to Google how to change the name... nope. https://t.co/NmYmPX6N9I,823589965988655104,0,,,,0,"<a href=""http://twitter.com"" rel=""nofollow"">Twitter Web Client</a>",AdamMachanic,Adam Machanic
RT @h8erjohnson: kiedy twojego gang bangu nie ma w sql jeste≈õ jak https://t.co/ghj7cxC1SW,823589885311324160,0,kiedy twojego gang bangu nie ma w sql jeste≈õ jak https://t.co/ghj7cxC1SW,h8erjohnson,szalony puchatek‚Ñ¢ üí¶,491,"<a href=""http://twitter.com/download/android"" rel=""nofollow"">Twitter for Android</a>",nwmkimjestem,üôàAwkwardüôà
RT @stimms: SQL server in azure can self-optimize by adding and removing indexes. About time. I don't know why humans are responsible for i‚Ä¶,823589745154347009,0,SQL server in azure can self-optimize by adding and removing indexes. About time. I don't know why humans are responsible for indexes,stimms,Simon Timms,4,"<a href=""http://twitter.com/download/iphone"" rel=""nofollow"">Twitter for iPhone</a>",thejustinself,Justin Self
RT @PatrickSecurity: Fixing the TDE Key Management Problem in Microsoft SQL Server. Hope this helps. https://t.co/Drw7LVIxX0 #infosec #sqls‚Ä¶,823589721767104513,0,Fixing the TDE Key Management Problem in Microsoft SQL Server. Hope this helps. https://t.co/Drw7LVIxX0 #infosec #sqlserver,PatrickSecurity,Patrick Townsend,1,"<a href=""http://twitter.com"" rel=""nofollow"">Twitter Web Client</a>",EncryptKen,Ken Mafli
Clearing all Activity Notifications in Infor CRM with a SQL Statement https://t.co/ySmR0D9uVX,823589629441896449,0,,,,0,"<a href=""https://dlvrit.com/"" rel=""nofollow"">dlvr.it</a>",RyanFarley,Ryan Farley
RT @ErikEJ: Automate SQL server backup file removal/deletion from Azure blob storage https://t.co/k8JYFPd8nW,823589546302447616,0,Automate SQL server backup file removal/deletion from Azure blob storage https://t.co/k8JYFPd8nW,ErikEJ,ErikEJ,2,"<a href=""http://twitter.com/download/iphone"" rel=""nofollow"">Twitter for iPhone</a>",Will_Huang,Will ‰øùÂì•
"Backend Softwareentwickler - PHP (m/w) ‚Äç¬†in Pulsnitz, Dresden‚Äç,¬†#Softwareentwicklung #Backend #PHP #SQL‚Äç https://t.co/UiMbRwaCHT",823589416610447361,0,,,,0,"<a href=""https://www.empfehlungsbund.de/"" rel=""nofollow"">Empfehlungsbund.de Coworkr</a>",itsax_jobs,ITsax.de Jobs
At least someone's busy in January #appSec First #SQLI campaign of the year https://t.co/CGYWkpSp4f #security,823589382401781760,0,,,,0,"<a href=""http://twitter.com"" rel=""nofollow"">Twitter Web Client</a>",FlorinCoada,Florin Coada
RT @ErikEJ: SQL Server for C# Developers Succinctly - free e-book  https://t.co/1c314TZeQi,823589276310831104,0,SQL Server for C# Developers Succinctly - free e-book  https://t.co/1c314TZeQi,ErikEJ,ErikEJ,7,"<a href=""http://twitter.com/download/iphone"" rel=""nofollow"">Twitter for iPhone</a>",Will_Huang,Will ‰øùÂì•
"RT @JavaOOQ: How to PIVOT in SQL:
https://t.co/rHwbahWQl2",823589273907523588,0,"How to PIVOT in SQL:
https://t.co/rHwbahWQl2",JavaOOQ,jOOQ,27,"<a href=""http://twitter.com"" rel=""nofollow"">Twitter Web Client</a>",mapopa,Popa Adrian Marius
Sequential SQL query https://t.co/1Rm54PBoT6,823589170685874176,0,,,,0,"<a href=""http://example.com"" rel=""nofollow"">SO Top questions</a>",overflowedbot,StackOverflowüî•HOTüî•
"@DutchM16 (1) Every SQL statement that Chuck Norris codes has an implicit ""COMMIT"" in its end.",823589164952252416,0,,,,0,"<a href=""http://looool.com"" rel=""nofollow"">VxTwitPr06s App</a>",VxTwitPr06,VxTwitPr06
"RT @stevelord: It's not SQL Injection, it's an alternative query #alternativefact",823588965810864129,0,"It's not SQL Injection, it's an alternative query #alternativefact",stevelord,œü—Ç‚ÑÆ‚ô•Œµ ·∏∫‚ò∫“ë·∏ì,7,"<a href=""http://twitter.com"" rel=""nofollow"">Twitter Web Client</a>",_game0n,Rog√©rio Resende
"#jobs Senior SQL Developer at Precision System Design, Inc. (Cleveland, OH) https://t.co/Af3xJgxasB",823588883329929216,0,,,,0,"<a href=""http://www.jobthread.com/publisher"" rel=""nofollow"">JobThread</a>",HIT_Jobs,HIT Consultant
"New #job: VBA PROGRAMMER (VBA, MS ACCESS, SQL, ISO27001),West Midlands .. https://t.co/x7aM4Zmb0a #technology #jobs",823588852120121349,0,,,,0,"<a href=""http://www.broadbean.com"" rel=""nofollow"">Adcourier</a>",ReedTechJobs,Reed Technology Jobs
"Azure SQL Data Solution Architect, Oxford, ¬£85,000 + Benefits ¬¶ Oxfordshire https://t.co/bPIaIPCFDN https://t.co/Hef2pyfASZ",823588711401025536,0,,,,0,"<a href=""http://www.facebook.com/twitter"" rel=""nofollow"">Facebook</a>",redolphin,Redolphin Jobs
RT @lesjoiesducode: Quand le stagiaire lance avec succ√®s une vieille requ√™te SQL qui n'est pas cens√©e marcher https://t.co/hlYwwQFLir #lesj‚Ä¶,823588686562545665,0,Quand le stagiaire lance avec succ√®s une vieille requ√™te SQL qui n'est pas cens√©e marcher https://t.co/hlYwwQFLir‚Ä¶ https://t.co/YQXGsxHnlc,lesjoiesducode,Les joies du code üíª,9,"<a href=""http://twitter.com/download/android"" rel=""nofollow"">Twitter for Android</a>",Anko3852,Anko
"Azure SQL Data Solution Architect, Oxford, ¬£85,000 + Benefits ¬¶ Oxfordshire https://t.co/jvchF9ByEf",823588677435719680,0,,,,0,"<a href=""http://www.hootsuite.com"" rel=""nofollow"">Hootsuite</a>",Redolphinjobs,Redolphinjobs
"RT @ReactDOM: Migrating from MongoDB to GraphQL 
 #reactjs #javascript #graphql #mongodb #db #sql
https://t.co/I1gJg2YSTA",823588441430454274,0,"Migrating from MongoDB to GraphQL 
 #reactjs #javascript #graphql #mongodb #db #sql
https://t.co/I1gJg2YSTA",ReactDOM,ReactDOM,1,"<a href=""http://simbasystems.com"" rel=""nofollow"">javascriptdigest</a>",javascriptd,Javascript Digest
"Share the Joomla love RT AdamSmitht1: #joomla discover and SQL installation
#Tech #News #HowTo
https://t.co/Ed4WCScQkz",823588403098906625,0,,,,0,"<a href=""http://ifttt.com"" rel=""nofollow"">IFTTT</a>",hawebservices,Haiti Web Services
"#Delete Customer data in SQL that have not ordered since certain date
#Tech #Internet #Question #HowTO
https://t.co/0udrUxMXv1",823588385390493697,0,,,,0,"<a href=""http://ifttt.com"" rel=""nofollow"">IFTTT</a>",UriSamuels,Marlon Samuels
RT @ITJungleNews: @TedHolt00000 completes the SQL PL loops. #400guru #IBMi https://t.co/g2zgDbeqcG,823588183216525312,0,@TedHolt00000 completes the SQL PL loops. #400guru #IBMi https://t.co/g2zgDbeqcG,ITJungleNews,IT Jungle,1,"<a href=""http://www.hootsuite.com"" rel=""nofollow"">Hootsuite</a>",SiDforIBMi,System i Developer
RT @rajchandel: Exploiting Form Based Sql Injection using Sqlmap https://t.co/FwGFSVZUz5,823588084449243137,0,Exploiting Form Based Sql Injection using Sqlmap https://t.co/FwGFSVZUz5,rajchandel,rajchandel,1,"<a href=""http://twitter.com/download/android"" rel=""nofollow"">Twitter for Android</a>",imb97ck,I'm back
RT @graceytech: @toolmandutch Our classic formula editor is T-SQL on steroids for #msdyncrm https://t.co/fQDDOWjnBS https://t.co/hflQftZs58,823587921047351301,0,@toolmandutch Our classic formula editor is T-SQL on steroids for #msdyncrm https://t.co/fQDDOWjnBS https://t.co/hflQftZs58,graceytech,John Grace,1,"<a href=""http://mvilla.it/fenix"" rel=""nofollow"">Fenix for Android</a>",PurelyScott,Scott Lawrence
"#ÿßŸÑÿßŸÖŸäÿ±_ÿßŸÉÿ™ŸÅŸäÿ™_10k_ŸÖÿ≠ÿ®
#ÿßŸÑÿßŸÖŸäÿ±_ŸÖÿ≠ÿ®Ÿàÿ®_11k_ŸÖÿ≠ÿ® 
#ÿßŸÖŸäÿ±ÿ™ŸÜÿß_ÿ¨Ÿàÿ¨Ÿà_110k 
#ÿ™ŸÉŸÅŸàŸÜ_ÿ≥ÿπŸäÿØ_ŸÑÿßÿ™ÿÆŸÑŸàŸÜŸá

ÿßÿ≠ŸÖÿØŸáŸàÿ±Ÿàÿ¥ŸäŸÖÿß sql",823587829678743553,0,,,,0,"<a href=""http://twitter.com"" rel=""nofollow"">Twitter Web Client</a>",Dorothy70964890,Dorothy Kenneth
SQL Server 2016: JSON integration ‚Äì¬†Abst https://t.co/1FSqWbBk3r,823587804546535424,0,,,,0,"<a href=""http://publicize.wp.com/"" rel=""nofollow"">WordPress.com</a>",DkaliRam,DRK‚Ñ¢
SQL #Server/Oracle - Database #Admi... at #HermanMiller (#ZeelandMichiganUnitedStates) #job https://t.co/r0hl2qrc7g https://t.co/mtNpWjVfe2,823587774511071232,0,,,,0,"<a href=""http://workfor.us/jobboard"" rel=""nofollow"">Work For Us</a>",cnewb07,Cathy
"SQL
https://t.co/DykiCpbyZG
‚òÖ-469621158‚òÖ",823587737353584640,0,,,,0,"<a href=""http://blog.naver.com/gkenq"" rel=""nofollow"">Jeonga.Sin</a>",3rmarkettn,Ïã†Ï†ïÏïÑ
Lloyd IT is hiring!  Apply now for the position of SQL Support Specialist https://t.co/0qzxj9SbZh,823587667145347072,0,,,,0,"<a href=""http://web.mycompas.com"" rel=""nofollow"">MyCompas</a>",mattaston3,Matt Aston
"Share the Joomla love RT @AdamSmitht1: #joomla discover and SQL installation
#Tech #News #HowTo
https://t.co/TrXSrSkitS",823587506624991232,0,,,,0,"<a href=""http://example.com"" rel=""nofollow"">Joomla Bot</a>",Joomla_Bot,Joomla Bot
Join @tim_mitchell and me for IESSIS2: Immersion Event on Advanced Integration Services 1-5 May 2017! https://t.co/QeZvXlQbxN,823587475599802368,0,,,,0,"<a href=""http://www.hootsuite.com"" rel=""nofollow"">Hootsuite</a>",AndyLeonard,AndyLeonard
"E l√° vamos n√≥s com outra contribui√ß√£o Microsoft SQL Server - Listando usu√°rios, permiss√µes e tipos de permiss√µes : https://t.co/ZKoRtkQvrb",823587420188774402,0,,,,0,"<a href=""http://twitter.com"" rel=""nofollow"">Twitter Web Client</a>",JuniorGalvaoMVP,Junior Galv√£o
"#Are JDBI bind and bind method free from SQL Injection?
#Tech #Internet #Question #HowTO
https://t.co/neBdBzQw7Y",823587082694168576,0,,,,0,"<a href=""http://ifttt.com"" rel=""nofollow"">IFTTT</a>",UriSamuels,Marlon Samuels
"#Sequential SQL query
#Tech #Internet #Question #HowTO
https://t.co/yAeEdQwjBZ",823587070992154626,0,,,,0,"<a href=""http://ifttt.com"" rel=""nofollow"">IFTTT</a>",UriSamuels,Marlon Samuels
Will placing  a large data column as an index INCLUDE  impact sql query performance  https://t.co/diK2zWxD5V,823586831862099969,0,,,,0,"<a href=""http://www.typepad.com/"" rel=""nofollow"">TypePad</a>",jackvamvas,Jack Vamvas
Challenges Facing the #DBA in Choosing the Right #Database Development Solutions https://t.co/FxKK5dxjYb #DevOps #Oracle #SQL,823586170659631104,0,,,,0,"<a href=""http://www.hubspot.com/"" rel=""nofollow"">HubSpot</a>",DBmaestro,DBmaestro
MapR Technologies Receives Additional Patent for its Data Platform https://t.co/MwfFqT6A4K #database #SQL https://t.co/MmvZPtDE5K,823586124320776192,0,,,,0,"<a href=""https://dlvrit.com/"" rel=""nofollow"">dlvr.it</a>",evanderburg,Eric Vanderburg
RT @rajchandel: https://t.co/t4TNZYhEoW... https://t.co/dM3PmMib95,823586097934561281,0,https://t.co/t4TNZYhEoW... https://t.co/dM3PmMib95,rajchandel,rajchandel,2,"<a href=""http://www.tecnologiato.us"" rel=""nofollow"">TecFree</a>",TecnologiaFree,TecnologiaLibre
"SQl-Workbench downloaded and work on https://t.co/R9YDdD2trS ( Java ) 
use it with Vim https://t.co/CN9N4XCX2F #vim‚Ä¶ https://t.co/80rDPIYN31",823585815716655105,0,,,,0,"<a href=""http://twitter.com"" rel=""nofollow"">Twitter Web Client</a>",patrickschanen,Patrick Schanen
Junior C# SQL Applications Developer - US Telecommute - ... - ... https://t.co/jw9ygWMUl9 #job #career #jobsearch #jobs #USA,823585682174177281,0,,,,0,"<a href=""http://jobboj.com"" rel=""nofollow"">JobboJ - jobs USA</a>",jobbojcom,JobboJ - USA Jobs
"someone is blasting ""yeah"" by usher in the sql building üòÇ",823585550992969730,0,,,,0,"<a href=""http://twitter.com/download/iphone"" rel=""nofollow"">Twitter for iPhone</a>",tttracymach,tracy
RT @aggsoc: #GreenEconomy e #GreenJobs in Italia al tempo della crisi: l'#infografica di @Oogo https://t.co/Dz2BrrtLWk https://t.co/k9wCntm‚Ä¶,823585353810505728,0,#GreenEconomy e #GreenJobs in Italia al tempo della crisi: l'#infografica di @Oogo https://t.co/Dz2BrrtLWk https://t.co/k9wCntmMYD,aggsoc,AggiornamentiSociali,18,"<a href=""https://mobile.twitter.com"" rel=""nofollow"">Mobile Web (M5)</a>",StefaniaVentu16,Stefania Ventura
"New #job: Oracle Developer - PL/SQL, HTML, JavaScript, JQuery,Redhill .. https://t.co/5KykFoKNtW #technology #jobs",823585325725446145,0,,,,0,"<a href=""http://www.broadbean.com"" rel=""nofollow"">Adcourier</a>",ReedTechJobs,Reed Technology Jobs
"RT @nothankujustin: Zachorowa≈Çam w niedziele a teraz sie okaza≈Ço ze wszystkie moje laski nie posz≈Çy dzis do sql bo tez sa chore

To sie naz‚Ä¶",823585283274903553,0,"Zachorowa≈Çam w niedziele a teraz sie okaza≈Ço ze wszystkie moje laski nie posz≈Çy dzis do sql bo tez sa chore

To sie nazywa solidarno≈õƒáüòÇüòÇ",nothankujustin,≈ì,1,"<a href=""http://twitter.com/download/android"" rel=""nofollow"">Twitter for Android</a>",liliososo,Irreplaceable
"RT @VisualStudio: Run SQL Server on Windows or Linux, and connect with your favorite programming language https://t.co/MoS2XZ3q5s",823585260021510146,0,"Run SQL Server on Windows or Linux, and connect with your favorite programming language https://t.co/MoS2XZ3q5s",VisualStudio,Visual Studio,674,"<a href=""http://twitter.com/download/iphone"" rel=""nofollow"">Twitter for iPhone</a>",anjanita,Anjanita Das
"Our client is hiring an Oracle PL/SQL Developer in McMurray, PA #Oracle PL / SQL https://t.co/G7QuAvVH4m",823585172956315648,0,,,,0,"<a href=""http://twitter.com"" rel=""nofollow"">Twitter Web Client</a>",ACCoyCo,A. C. Coy Company
"SQL developer with VB. NET at Tampa, Florida https://t.co/kuZq219ZJz #jobs #rekruiteasy",823585048456790017,0,,,,0,"<a href=""http://ifttt.com"" rel=""nofollow"">IFTTT</a>",rekruiteasy,ReKruitEasy
"Hola, @alombarte m'he fet fork del teu repo 'utilites' per fer servir (adaptades) les taules SQL https://t.co/jCebhdRNBf
#gracies üòÉ",823585015892234240,0,,,,0,"<a href=""http://twitter.com"" rel=""nofollow"">Twitter Web Client</a>",JDavidHermoso,Juan David Hermoso
New #job: SQL Server DBA  Location: Exeter Salary: ¬£35kpa - ¬£40kpa .. https://t.co/tIK0Kt44A8 Job Hiring IT Tech South West,823584830973767681,0,,,,0,"<a href=""http://www.broadbean.com"" rel=""nofollow"">Adcourier</a>",TankRecruitment,Tank Recruitment
New #job: SQL Server DBA  Location: Exeter Salary: 35kpa - 40kpa .. https://t.co/tIK0Kt44A8 Job Hiring IT Tech South West,823584736702566402,0,,,,0,"<a href=""http://www.broadbean.com"" rel=""nofollow"">Adcourier</a>",TankRecruitment,Tank Recruitment
BI &amp; Analytics Lead (Fluent English): https://t.co/EbRiAbFDwV #Madrid #BI #empleo #tic,823584438659514369,0,,,,0,"<a href=""http://www.tecnoempleo.com/twitter/index.php"" rel=""nofollow"">Tus ofertas de tecnoempleo</a>",tecnoempleo,tecnoempleo
@supacooldud Mine wrote the book for the SQL sections,823584233327366145,0,,,,0,"<a href=""http://twitter.com/download/iphone"" rel=""nofollow"">Twitter for iPhone</a>",EntropicPen,EntropicPen
Want to use Microsoft SQL Server on Linux? https://t.co/3UV3z3ihYt @SUSE @OpenAtMicrosoft https://t.co/YU2gAGgiG6,823584188473278464,0,,,,0,"<a href=""http://twitter.com"" rel=""nofollow"">Twitter Web Client</a>",michaelwmiller,Michael Miller
"#joomla discover and SQL installation
#Tech #News #HowTo
https://t.co/iNpqhgJPGG",823584155564961793,0,,,,0,"<a href=""http://ifttt.com"" rel=""nofollow"">IFTTT</a>",AdamSmitht1,Daily Tech Issues
#Empleo Programador Oracle PL-SQL https://t.co/hXEsi0LQGe,823584079639617536,0,,,,0,"<a href=""http://www.botize.com"" rel=""nofollow"">Botize</a>",EmpleoOfertas,Ofertas de Empleo
"RT @KimberlyLTripp: #SoExcited May 2017 Orlando, FL. #SQL + #DEVintersection. Spectacular #SQLServer line-up! #CantWait #SQLintersection ht‚Ä¶",823584055983632385,0,"#SoExcited May 2017 Orlando, FL. #SQL + #DEVintersection. Spectacular #SQLServer line-up! #CantWait‚Ä¶ https://t.co/jE9zYqcPbC",KimberlyLTripp,Kimberly L. Tripp,3,"<a href=""http://twitter.com"" rel=""nofollow"">Twitter Web Client</a>",DhananjaySpeaks,Dhananjay Upadhyay
New #job: SQL Server DBA  - Renowned Organisation  Location: London Salary: 44kpa - 50kpa .. https://t.co/YQhoTtAuFz #jobs #hiring,823584041689550848,0,,,,0,"<a href=""http://www.broadbean.com"" rel=""nofollow"">Adcourier</a>",EutopiaJobs,Eutopia  Solutions
Programmatore Oracle PL SQL https://t.co/tsuDrFrJqv,823583973854982144,0,,,,0,"<a href=""https://dlvrit.com/"" rel=""nofollow"">dlvr.it</a>",InfLavoro,Informaticalavoro.it
"Senior Backend Developers @Gelato_Globe Berlin, Germany #HP #SQL #Ubuntu https://t.co/nxTA2dCMRc",823583929106124801,0,,,,0,"<a href=""http://www.hootsuite.com"" rel=""nofollow"">Hootsuite</a>",Berlin_TechJob,BerlinTechJobs
"üîç beeline GmbH sucht Senior Software Developer PL/SQL (w/m) üîé
#Jobs #K√∂ln https://t.co/2vUDrgUJDW",823583910701531136,0,,,,0,"<a href=""http://www.jobs-duesseldorf.org"" rel=""nofollow"">jobs-duesseldorf.org</a>",JobDuesseldorf1,Jobs D√ºsseldorf
Handling NULL in T-SQL ‚Äì Handling NULL¬†i https://t.co/gO5hIuUMyb,823583905613774850,0,,,,0,"<a href=""http://publicize.wp.com/"" rel=""nofollow"">WordPress.com</a>",DkaliRam,DRK‚Ñ¢
"Business Analyst at Lansing,MI. https://t.co/olkNpI5iiT",823583843420672002,0,,,,0,"<a href=""http://bufferapp.com"" rel=""nofollow"">Buffer</a>",sql_erp_crm,Power SQL-Server
RT @sfonplsql: #627 #plsql A @oraclelivesql script demo-ing 12.2 PL/Scope for impact analysis of SQL statements. https://t.co/lswDsHcdlY @o‚Ä¶,823583836126801920,0,#627 #plsql A @oraclelivesql script demo-ing 12.2 PL/Scope for impact analysis of SQL statements.‚Ä¶ https://t.co/FULRdONaZ6,sfonplsql,Steven Feuerstein,2,"<a href=""http://twitter.com/download/android"" rel=""nofollow"">Twitter for Android</a>",ruco_81,Isaac A
(FRESHERS / EXPERIENCED) 'EMBRYO TECHNOLOGIES' : Off-Campus : Openings for SQL Developers‚Ä¶ https://t.co/vUGO5AjGzt,823583819865456640,0,,,,0,"<a href=""http://www.google.com/"" rel=""nofollow"">Google</a>",bboostr,Software Developer
"RT @sqldaily: Accidentally dropped a table? Get it back with:

flashback table &lt;tab&gt; to before drop

https://t.co/c7xsriaWLY #SQL https://t‚Ä¶",823583811887890434,0,"Accidentally dropped a table? Get it back with:

flashback table &lt;tab&gt; to before drop

https://t.co/c7xsriaWLY #SQL https://t.co/OooWaMIf8p",sqldaily,SQL Daily,7,"<a href=""http://twitter.com/download/android"" rel=""nofollow"">Twitter for Android</a>",YourNavionPilot,Rob Lockard #ACE
RT @aggsoc: #GreenEconomy e #GreenJobs in Italia al tempo della crisi: l'#infografica di @Oogo https://t.co/Dz2BrrtLWk https://t.co/k9wCntm‚Ä¶,823583775900794881,0,#GreenEconomy e #GreenJobs in Italia al tempo della crisi: l'#infografica di @Oogo https://t.co/Dz2BrrtLWk https://t.co/k9wCntmMYD,aggsoc,AggiornamentiSociali,18,"<a href=""http://twitter.com/download/iphone"" rel=""nofollow"">Twitter for iPhone</a>",PaoloAcciai,Paolo  Acciai
#SQL vs. #NoSQL- What You Need to Know https://t.co/fOqnwLIkMS #BigData #DataScience https://t.co/VMKHKMPBFY,823583746712604673,0,,,,0,"<a href=""http://bufferapp.com"" rel=""nofollow"">Buffer</a>",DataconomyMedia,Dataconomy
"#Í∞ÑÌò∏Ï°∞Î¨¥ÏÇ¨ÎåÄÎ¶¨ÏãúÌóò

#SQL Í∞úÎ∞úÏûêÎåÄÎ¶¨ÏãúÌóò

????
???

#Í≤∞ÌòºÏÉÅÎã¥ÏÇ¨ÎåÄÎ¶¨ÏãúÌóò

#ÌïúÍµ≠ÌïúÏûêÍ≤ÄÏ†ïÎåÄÎ¶¨ÏãúÌóò

‚òéÏïàÏ†ÑÎ≥¥Ïû•‚òé

‚ÜíÏÉÅÎã¥ÏùÄ Î©îÏùº:younggoo5656@gmail.com‚Üê",823583718006616064,0,,,,0,"<a href=""https://www.cub.so"" rel=""nofollow"">Cubi.so</a>",namju258777881,#ÎåÄÎ¶¨ÏãúÌóò#ÏÑúÎ•òÏúÑÏ°∞
RT @aggsoc: #GreenEconomy e #GreenJobs in Italia al tempo della crisi: l'#infografica di @Oogo https://t.co/Dz2BrrtLWk https://t.co/k9wCntm‚Ä¶,823583684301324288,0,#GreenEconomy e #GreenJobs in Italia al tempo della crisi: l'#infografica di @Oogo https://t.co/Dz2BrrtLWk https://t.co/k9wCntmMYD,aggsoc,AggiornamentiSociali,18,"<a href=""http://twitter.com/#!/download/ipad"" rel=""nofollow"">Twitter for iPad</a>",chiartin,chiara.tintori
"Partiu mais uma contribui√ß√£o, vamos nessa Microsoft SQL Server - Listando a rela√ß√£o de Windows Login e SQL Logins : https://t.co/w70ns2zGmG",823583674667069441,0,,,,0,"<a href=""http://twitter.com"" rel=""nofollow"">Twitter Web Client</a>",JuniorGalvaoMVP,Junior Galv√£o
Learn to use cursors in SQL https://t.co/u5KbHNfae9 #SQLServer #analytics https://t.co/L7HpUt9STo,823583585705795584,0,,,,0,"<a href=""https://about.twitter.com/products/tweetdeck"" rel=""nofollow"">TweetDeck</a>",blarson424,Ben Larson
RT @empleocero: Tecnico Reporting PL/SQL ‚Äì Murex https://t.co/wSNQhxiGpP #empleo https://t.co/Ca6eLWeJT3,823583461902602241,0,Tecnico Reporting PL/SQL ‚Äì Murex https://t.co/wSNQhxiGpP #empleo https://t.co/Ca6eLWeJT3,empleocero,OFERTAS DE EMPLEO,1,"<a href=""http://twitter.com/download/android"" rel=""nofollow"">Twitter for Android</a>",jgdelsol,J. G. del Sol Cobos
@glennfawcett ask Netezza about the value of trying to plumb off-die SQL acceleration. :),823583341311967232,0,,,,0,"<a href=""http://twitter.com"" rel=""nofollow"">Twitter Web Client</a>",kevinclosson,Kevin
"RT @NikoNeugebauer: [blog] Columnstore Indexes ‚Äì part 96 (""Nonclustered Columnstore Index Online Rebuild""): https://t.co/j98dYOcauq #sqlpas‚Ä¶",823583339219189761,0,"[blog] Columnstore Indexes ‚Äì part 96 (""Nonclustered Columnstore Index Online Rebuild""): https://t.co/j98dYOcauq #sqlpass #sqlbits #oh22",NikoNeugebauer,Niko Neugebauer,2,"<a href=""http://twitter.com"" rel=""nofollow"">Twitter Web Client</a>",Adrian_SQL,Adrian Chodkowski
Sr. Oracle PL/SQL¬†Developer https://t.co/gBln04lYgN,823583332617297920,0,,,,0,"<a href=""http://publicize.wp.com/"" rel=""nofollow"">WordPress.com</a>",WynxCloud,Wynx Cloud
"It's a new world, today I realized I haven't opened SQL management studio in over 6 months, that feels pretty good :-)",823583204045103104,0,,,,0,"<a href=""http://twitter.com"" rel=""nofollow"">Twitter Web Client</a>",RogerAlsing,Roger Johansson
"–Ø –ø—Ä–æ–≥—Ä–∞–º–º–∏—Å—Ç. Delphi, SQL. –û–ø—ã—Ç –±–æ–ª—å—à–æ–π. –°—Ç–∞–∂ 6 –ª–µ—Ç. –ì–¥–µ –Ω–∞–π—Ç–∏ —É–¥–∞–ª–µ–Ω–Ω—É—é —Ä–∞–±–æ—Ç—É?",823583162202783751,0,,,,0,"<a href=""http://twitter.com"" rel=""nofollow"">Twitter Web Client</a>",pampampoo,–ê—Å—Ç—Ä–æ–Ω–æ–º–æ–≤ –ò–æ—Å–∏—Ñ
"RT @VisualStudio: SQL Server, now on Linux. Check the get started guide for developers.  https://t.co/1Noq2RHJud",823583090039615488,0,"SQL Server, now on Linux. Check the get started guide for developers.  https://t.co/1Noq2RHJud",VisualStudio,Visual Studio,841,"<a href=""http://twitter.com/download/android"" rel=""nofollow"">Twitter for Android</a>",mssridar,Sridhar Mahendrakar
"RT @KimberlyLTripp: #SoExcited May 2017 Orlando, FL. #SQL + #DEVintersection. Spectacular #SQLServer line-up! #CantWait #SQLintersection ht‚Ä¶",823583046486097920,0,"#SoExcited May 2017 Orlando, FL. #SQL + #DEVintersection. Spectacular #SQLServer line-up! #CantWait‚Ä¶ https://t.co/jE9zYqcPbC",KimberlyLTripp,Kimberly L. Tripp,3,"<a href=""http://twitter.com"" rel=""nofollow"">Twitter Web Client</a>",DBAduck,Ben Miller
mad props to the fellow nerd who came up with SQL query plans!,823582932694605825,0,,,,0,"<a href=""http://ifttt.com"" rel=""nofollow"">IFTTT</a>",russdpale,David Russell
"RT @KimberlyLTripp: #SoExcited May 2017 Orlando, FL. #SQL + #DEVintersection. Spectacular #SQLServer line-up! #CantWait #SQLintersection ht‚Ä¶",823582805225603072,0,"#SoExcited May 2017 Orlando, FL. #SQL + #DEVintersection. Spectacular #SQLServer line-up! #CantWait‚Ä¶ https://t.co/jE9zYqcPbC",KimberlyLTripp,Kimberly L. Tripp,3,"<a href=""http://tapbots.com/software/tweetbot/mac"" rel=""nofollow"">Tweetbot for Mac</a>",BrentO,Brent Ozar
RT @QuestExperts: #FeatureMonday Check out Toad Data Modeler 6.1 New Features https://t.co/Df4QX72lJc #Oracle #DBa #SQL #SAP #DB2 https://t‚Ä¶,823582527902334976,0,#FeatureMonday Check out Toad Data Modeler 6.1 New Features https://t.co/Df4QX72lJc #Oracle #DBa #SQL #SAP #DB2 https://t.co/hvD5wDtNkG,QuestExperts,Quest - Support,2,"<a href=""http://twitter.com/download/iphone"" rel=""nofollow"">Twitter for iPhone</a>",Quest_EMEA,Quest EMEA
La valeur de la ligne du dessus en SQL ? ==&gt; LAG(). Voyez notre m√©mo https://t.co/1hfkj4cwQ0 ou notre cours demain https://t.co/pIgPxdKqWu,823582287698726912,0,,,,0,"<a href=""http://twitter.com"" rel=""nofollow"">Twitter Web Client</a>",CmasseVolubis,Christian Mass√©
"If you're looking for work in #Arlington, VA, check out this #job: https://t.co/hGPzBmGCFw #PHP #SQL #IT #Hiring https://t.co/PxFJFJ15vo",823581958290558976,0,,,,0,"<a href=""http://tweetmyjobs.com"" rel=""nofollow"">SafeTweet by TweetMyJOBS</a>",HobsonsJobs,Jobs at Hobsons
Did you know that on 2/4/17 I will be speaking at the SQL Saturday in Cleveland? #sqlsat595 Don't miss out!‚Ä¶ https://t.co/gbjXjXULvY,823581857631653888,0,,,,0,"<a href=""http://twitter.com"" rel=""nofollow"">Twitter Web Client</a>",John_Deardurff,John Deardurff
"RT @MicrosoftIndia: Join us on 24/01, as we discuss the exciting &amp; impactful features of SQL Server, SQL Server 2016 &amp; Microsoft Azure- htt‚Ä¶",823581759304585216,0,"Join us on 24/01, as we discuss the exciting &amp; impactful features of SQL Server, SQL Server 2016 &amp; Microsoft Azure-‚Ä¶ https://t.co/jGxpycZeLF",MicrosoftIndia,Microsoft India,2,"<a href=""http://twitter.com/download/android"" rel=""nofollow"">Twitter for Android</a>",BHATTACS,Sourav Bhattacharya
RT @KimberlyLTripp: #SQLintersection #SQL Industry-experts: @paulrandal @BrentO @tradney @DBAduck @erinstellato @SQLPoolBoy @SQLShep @Aaron‚Ä¶,823581717206368258,822594524518219776,#SQLintersection #SQL Industry-experts: @paulrandal @BrentO @tradney @DBAduck @erinstellato @SQLPoolBoy @SQLShep‚Ä¶ https://t.co/WQKNHPmeBh,KimberlyLTripp,Kimberly L. Tripp,2,"<a href=""http://twitter.com/download/iphone"" rel=""nofollow"">Twitter for iPhone</a>",SQLShep,Shep
"#SQL conditional logic on one field not affecting the grouping
#Tech #News #HowTo
https://t.co/ncyIqWchgV",823581707160944640,0,,,,0,"<a href=""http://ifttt.com"" rel=""nofollow"">IFTTT</a>",AdamSmitht1,Daily Tech Issues
RT @RIORAO: SQL„Ç§„É≥„Ç∏„Çß„ÇØ„Ç∑„Éß„É≥„Åß„Éá„Éº„Çø„Éô„Éº„Çπ„Å´ÂëäÁôΩÊñá„ÇíÊåøÂÖ•„Åó„Å¶ÂëäÁôΩ„ÇíË©¶„Åø„Çã„Åå„ÄÅ„Éá„Éº„Çø„Éô„Éº„Çπ„ÅÆ„Éê„Ç∞„ÅÆ„Åõ„ÅÑ„ÅßÊÉ≥„ÅÑ„ÅåÂ±ä„Åã„Å™„Åã„Å£„Åü„Éè„ÉÉ„Ç´„Éº„Åè„Çì #Êì¨Á´úÂåñ https://t.co/WrhonULbEf,823581661279358976,0,SQL„Ç§„É≥„Ç∏„Çß„ÇØ„Ç∑„Éß„É≥„Åß„Éá„Éº„Çø„Éô„Éº„Çπ„Å´ÂëäÁôΩÊñá„ÇíÊåøÂÖ•„Åó„Å¶ÂëäÁôΩ„ÇíË©¶„Åø„Çã„Åå„ÄÅ„Éá„Éº„Çø„Éô„Éº„Çπ„ÅÆ„Éê„Ç∞„ÅÆ„Åõ„ÅÑ„ÅßÊÉ≥„ÅÑ„ÅåÂ±ä„Åã„Å™„Åã„Å£„Åü„Éè„ÉÉ„Ç´„Éº„Åè„Çì #Êì¨Á´úÂåñ https://t.co/WrhonULbEf,RIORAO,RAO(„Çâ„Åä)@Êñ∞Êò•„Åë„ÇÇ„Ç±G-20,49,"<a href=""http://twitter.com"" rel=""nofollow"">Twitter Web Client</a>",RukrVincent,RukrÈ≠ØÂÖã
RT @josephsirosh: #SQL #Oracle #RDBMS #OLTP https://t.co/svKWvbnBGv,823581612797345792,822503914868187137,#SQL #Oracle #RDBMS #OLTP https://t.co/svKWvbnBGv,josephsirosh,Joseph Sirosh,4,"<a href=""http://twitter.com"" rel=""nofollow"">Twitter Web Client</a>",Schroeer,Egbert Schroeer
Fixing the TDE Key Management Problem in Microsoft SQL Server. Hope this helps. https://t.co/Drw7LVIxX0 #infosec #sqlserver,823581471814205440,0,,,,1,"<a href=""http://twitter.com"" rel=""nofollow"">Twitter Web Client</a>",PatrickSecurity,Patrick Townsend
We are hiring: Database / Big Data Architec https://t.co/WQ6WjFVD9a #job @Microsoft #Database #SQL #SQLServer #Bigdata #Hadoop #Cloud,823581461286703104,0,,,,0,"<a href=""http://www.reqcloud.com"" rel=""nofollow"">ReqCloud</a>",SourcingBrain,Sandesh Sridhar
"Retweeted Joseph Sirosh (@josephsirosh):

#SQL #Oracle #RDBMS #OLTP https://t.co/347SBn6Qti https://t.co/CnRCR4BOBD",823581313722712064,822503914868187137,,,,0,"<a href=""http://www.facebook.com/twitter"" rel=""nofollow"">Facebook</a>",antoniosch,Antonis Chatzipavlis
RT @josephsirosh: #SQL #Oracle #RDBMS #OLTP https://t.co/svKWvbnBGv,823581275336359937,822503914868187137,#SQL #Oracle #RDBMS #OLTP https://t.co/svKWvbnBGv,josephsirosh,Joseph Sirosh,4,"<a href=""https://about.twitter.com/products/tweetdeck"" rel=""nofollow"">TweetDeck</a>",sqlschool,sqlschool.gr
RT @josephsirosh: #SQL #Oracle #RDBMS #OLTP https://t.co/svKWvbnBGv,823581275239972866,822503914868187137,#SQL #Oracle #RDBMS #OLTP https://t.co/svKWvbnBGv,josephsirosh,Joseph Sirosh,4,"<a href=""https://about.twitter.com/products/tweetdeck"" rel=""nofollow"">TweetDeck</a>",antoniosch,Antonis Chatzipavlis
RT @RIORAO: SQL„Ç§„É≥„Ç∏„Çß„ÇØ„Ç∑„Éß„É≥„Åß„Éá„Éº„Çø„Éô„Éº„Çπ„Å´ÂëäÁôΩÊñá„ÇíÊåøÂÖ•„Åó„Å¶ÂëäÁôΩ„ÇíË©¶„Åø„Çã„Åå„ÄÅ„Éá„Éº„Çø„Éô„Éº„Çπ„ÅÆ„Éê„Ç∞„ÅÆ„Åõ„ÅÑ„ÅßÊÉ≥„ÅÑ„ÅåÂ±ä„Åã„Å™„Åã„Å£„Åü„Éè„ÉÉ„Ç´„Éº„Åè„Çì #Êì¨Á´úÂåñ https://t.co/WrhonULbEf,823581197880164352,0,SQL„Ç§„É≥„Ç∏„Çß„ÇØ„Ç∑„Éß„É≥„Åß„Éá„Éº„Çø„Éô„Éº„Çπ„Å´ÂëäÁôΩÊñá„ÇíÊåøÂÖ•„Åó„Å¶ÂëäÁôΩ„ÇíË©¶„Åø„Çã„Åå„ÄÅ„Éá„Éº„Çø„Éô„Éº„Çπ„ÅÆ„Éê„Ç∞„ÅÆ„Åõ„ÅÑ„ÅßÊÉ≥„ÅÑ„ÅåÂ±ä„Åã„Å™„Åã„Å£„Åü„Éè„ÉÉ„Ç´„Éº„Åè„Çì #Êì¨Á´úÂåñ https://t.co/WrhonULbEf,RIORAO,RAO(„Çâ„Åä)@Êñ∞Êò•„Åë„ÇÇ„Ç±G-20,49,"<a href=""http://twitter.com"" rel=""nofollow"">Twitter Web Client</a>",Cerivano,Cerivano
https://t.co/MFqWy5pd9T What are the differences in features and functionality? #SQL #Oracle,823581136538439680,0,,,,0,"<a href=""http://www.hootsuite.com"" rel=""nofollow"">Hootsuite</a>",LearningTree,Learning Tree Int'l
"RT @SQLServer: The 7th cumulative update release for #SQLServer 2012 SP3 is now available for download. Download today! 
https://t.co/7VrNa‚Ä¶",823581008951967744,0,"The 7th cumulative update release for #SQLServer 2012 SP3 is now available for download. Download today! 
https://t.co/7VrNaAsaC3",SQLServer,Microsoft SQL Server,12,"<a href=""http://twitter.com"" rel=""nofollow"">Twitter Web Client</a>",rajib2k5,Rajib Bahar
Our team approach enables us to prepare recommendations exclusively for your #SQLServer environment ‚ú© https://t.co/zaxfwH3c5p,823580883701694465,0,,,,0,"<a href=""http://www.evyware.com/"" rel=""nofollow"">Evy</a>",UpSearchSQL,UpSearch
RT @AWSLatam: #AmazonAthena es un servicio de consultas que facilita el an√°lisis de datos en su #AmazonS3 utilizando SQL. https://t.co/gpX7‚Ä¶,823580807168200704,0,#AmazonAthena es un servicio de consultas que facilita el an√°lisis de datos en su #AmazonS3 utilizando SQL.‚Ä¶ https://t.co/eoLAcPt7iq,AWSLatam,AWS LATAM,1,"<a href=""http://twitter.com/download/android"" rel=""nofollow"">Twitter for Android</a>",g_sahib,G. Sahib P√©rez V.
"#SQL conditional logic on one field not affecting the grouping
#Tech #Internet #Question #HowTO
https://t.co/WJP43HCoZL",823580797319974913,0,,,,0,"<a href=""http://ifttt.com"" rel=""nofollow"">IFTTT</a>",UriSamuels,Marlon Samuels
#empleo #IT Analista Programador PL/SQL - Illes Balears - Palma De Mallorca https://t.co/cdyzU7hd2F,823580753673986048,0,,,,0,"<a href=""http://www.infojobs.net"" rel=""nofollow"">IJInformatico</a>",IJInformatico,InfoJobs Inform√°tica
RT @QuestExperts: #FeatureMonday Check out Toad Data Modeler 6.1 New Features https://t.co/Df4QX72lJc #Oracle #DBa #SQL #SAP #DB2 https://t‚Ä¶,823580700267855872,0,#FeatureMonday Check out Toad Data Modeler 6.1 New Features https://t.co/Df4QX72lJc #Oracle #DBa #SQL #SAP #DB2 https://t.co/hvD5wDtNkG,QuestExperts,Quest - Support,2,"<a href=""http://twitter.com"" rel=""nofollow"">Twitter Web Client</a>",Quest,Quest
vacature: Database Developer Apeldoorn T-SQL https://t.co/FDwbFqyGiF #apeldoorn #vacature #banen,823580693632401408,0,,,,0,"<a href=""https://dlvrit.com/"" rel=""nofollow"">dlvr.it</a>",joofnl,JOOF.NL
Analista Desarrollador C#: https://t.co/6pdWTdCOJB #Malaga #C# #empleo #tic,823580648736755712,0,,,,0,"<a href=""http://www.tecnoempleo.com/twitter/index.php"" rel=""nofollow"">Tus ofertas de tecnoempleo</a>",tecnoempleo,tecnoempleo
Vacature: Senior SQL Database Administrator @ Red Data Consultancy B.V. https://t.co/m4H8qkY4ya #almere #vacature #banen,823580356657836034,0,,,,0,"<a href=""https://dlvrit.com/"" rel=""nofollow"">dlvr.it</a>",joofnl,JOOF.NL
February 2017 CSSUG Meet | SQL-Articles https://t.co/AdGaYTJjqw,823580356641222656,0,,,,0,"<a href=""http://twitter.com/download/android"" rel=""nofollow"">Twitter for Android</a>",it_balaji,Balaji
Á¨¨ÔºîÂõûÔºö[SQL] ÁµêÂêà https://t.co/k513k8ccKx,823580339419357190,0,,,,0,"<a href=""http://ifttt.com"" rel=""nofollow"">IFTTT</a>",yappynoppyy,‰∏ª„Å´IT„Éã„É•„Éº„Çπbot
I can't wait - my favorite #SQL conference by far!  :) https://t.co/FyfOJ2GUoZ,823580083373899776,823579574814404608,,,,0,"<a href=""http://twitter.com"" rel=""nofollow"">Twitter Web Client</a>",chapmandew,Tim Chapman
Technical Client Manager (Software) https://t.co/oIjrDLSTqI #jobs #sql,823580070216224769,0,,,,0,"<a href=""https://dlvrit.com/"" rel=""nofollow"">dlvr.it</a>",UKSQLJobs,Technojobs Limited
Junior Developer - C#/C+ https://t.co/EMmfmC4foe #jobs #sql,823580067385077761,0,,,,0,"<a href=""https://dlvrit.com/"" rel=""nofollow"">dlvr.it</a>",UKSQLJobs,Technojobs Limited
Á¨¨ÔºîÂõûÔºö[SQL] ÁµêÂêà https://t.co/ZC6zH34e7q,823580066693005317,0,,,,0,"<a href=""https://dlvrit.com/"" rel=""nofollow"">dlvr.it</a>",thinkitcojp,Think IT | „Ç§„É≥„Éó„É¨„Çπ
Senior .NET Developer https://t.co/r6EQg48GmE #jobs #sql,823580064650407936,0,,,,0,"<a href=""https://dlvrit.com/"" rel=""nofollow"">dlvr.it</a>",UKSQLJobs,Technojobs Limited
#empleo T√©cnico de Sistemas y Software https://t.co/lj7lal9BjO,823579949823041537,0,,,,0,"<a href=""http://www.botize.com"" rel=""nofollow"">Botize</a>",EmpleoOfertas,Ofertas de Empleo
#WhitePaper: Transparent Data Encryption (TDE) ‚Äì NetLib Security Encryptionizer vs. SQL Server‚Ä¶ https://t.co/lYtGg6t6zd,823579891694243840,0,,,,0,"<a href=""http://www.hootsuite.com"" rel=""nofollow"">Hootsuite</a>",NetLibSecurity,NetLib Security
#AmazonAthena es un servicio de consultas que facilita el an√°lisis de datos en su #AmazonS3 utilizando SQL.‚Ä¶ https://t.co/eoLAcPt7iq,823579864909258752,0,,,,1,"<a href=""http://adobe.com"" rel=""nofollow"">Adobe¬Æ Social</a>",AWSLatam,AWS LATAM
"Security Saying it happened because I said so isn't evidence, it's hearsay. BBQSQL, because SQL injection should be easy to do",823579806465859587,0,,,,0,"<a href=""https://github.com/parkr/ebooks"" rel=""nofollow"">PhoneBoy eBooks</a>",PhoneBoySaidSo,PhoneBoy Said So
RT @KimberlyLTripp: #SQLintersection #SQL Industry-experts: @paulrandal @BrentO @tradney @DBAduck @erinstellato @SQLPoolBoy @SQLShep @Aaron‚Ä¶,823579609367187456,822594524518219776,#SQLintersection #SQL Industry-experts: @paulrandal @BrentO @tradney @DBAduck @erinstellato @SQLPoolBoy @SQLShep‚Ä¶ https://t.co/WQKNHPmeBh,KimberlyLTripp,Kimberly L. Tripp,2,"<a href=""https://about.twitter.com/products/tweetdeck"" rel=""nofollow"">TweetDeck</a>",tradney,Tim Radney
#SQLintersection #SQL Industry-experts: @paulrandal @BrentO @tradney @DBAduck @erinstellato @SQLPoolBoy @SQLShep‚Ä¶ https://t.co/WQKNHPmeBh,823579371868819456,822594524518219776,,,,2,"<a href=""https://about.twitter.com/products/tweetdeck"" rel=""nofollow"">TweetDeck</a>",KimberlyLTripp,Kimberly L. Tripp
RT @TheRegister: Microsoft's Linux love-in continues with SUSE support in SQL Server https://t.co/dblzjVGwKZ,823579310451724288,0,Microsoft's Linux love-in continues with SUSE support in SQL Server https://t.co/dblzjVGwKZ,TheRegister,The Register,3,"<a href=""http://twitter.com/download/iphone"" rel=""nofollow"">Twitter for iPhone</a>",coyotegris,Erick Iriarte Ahon
"RT @gp_pulipaka: Improving #AzureSQLDatabase Performance using In-Memory Technologies. #BigData #DataScience #Azure #IoT #Analytics
https:/‚Ä¶",823578880388829185,0,Improving #AzureSQLDatabase Performance using In-Memory Technologies. #BigData #DataScience #Azure #IoT #Analytics‚Ä¶ https://t.co/W6VcJ1V1Si,gp_pulipaka,Dr. GP Pulipaka,32,"<a href=""http://twitter.com/download/android"" rel=""nofollow"">Twitter for Android</a>",VMuraliKRaju,Murali Krishna
Finally!! https://t.co/QJ4VKKwcmF,823578734393491456,0,,,,0,"<a href=""http://www.facebook.com/twitter"" rel=""nofollow"">Facebook</a>",SQLCape,SQLCape Usergroup
"Migrating from MongoDB to GraphQL 
 #reactjs #javascript #graphql #mongodb #db #sql
https://t.co/I1gJg2YSTA",823578644262031360,0,,,,1,"<a href=""http://www.hootsuite.com"" rel=""nofollow"">Hootsuite</a>",ReactDOM,ReactDOM
"Mam ale nie idƒô do sql 
Tzn idƒô na 2 lekcje i spierdalam do bff https://t.co/xoWKJT4vf5",823578643175788544,823285928542302211,,,,0,"<a href=""http://twitter.com/download/android"" rel=""nofollow"">Twitter for Android</a>",believe_forgive,Par√≥wka Nialla
